{"cameraMode":{"drawMode":0,"name":"Shaded","section":"Shading Mode"},"sceneLighting":false,"audioPlay":false,"sceneViewState":{"m_AlwaysRefresh":false,"showFog":false,"showSkybox":false,"showFlares":false,"showImageEffects":false,"showParticleSystems":false,"showVisualEffectGraphs":true,"m_FxEnabled":true},"in2DMode":false,"pivot":{"x":-5.960464477539063e-8,"y":0.8777299523353577,"z":0.010299623012542725},"rotation":{"x":0.0051208604127168659,"y":0.9937930703163147,"z":-0.09871067106723786,"w":0.051911287009716037},"size":1.1964836120605469,"orthographic":false}