{"cameraMode":{"drawMode":0,"name":"Shaded","section":"Shading Mode"},"sceneLighting":false,"audioPlay":false,"sceneViewState":{"m_AlwaysRefresh":false,"showFog":true,"showSkybox":true,"showFlares":true,"showImageEffects":true,"showParticleSystems":true,"showVisualEffectGraphs":true,"m_FxEnabled":true},"in2DMode":false,"pivot":{"x":287.55462646484377,"y":242.19117736816407,"z":9.206778526306153},"rotation":{"x":-0.042874183505773547,"y":0.16705308854579926,"z":0.0072718276642262939,"w":0.9849904179573059},"size":163.35964965820313,"orthographic":false}