{"cameraMode":{"drawMode":0,"name":"Shaded","section":"Shading Mode"},"sceneLighting":true,"audioPlay":false,"sceneViewState":{"m_AlwaysRefresh":false,"showFog":true,"showSkybox":true,"showFlares":false,"showImageEffects":true,"showParticleSystems":true,"showVisualEffectGraphs":true,"m_FxEnabled":true},"in2DMode":false,"pivot":{"x":180.80430603027345,"y":2.9107284545898439,"z":126.64419555664063},"rotation":{"x":-0.016321970149874688,"y":0.8548113703727722,"z":-0.026935454457998277,"w":-0.5179991722106934},"size":3.322063684463501,"orthographic":false}