{"cameraMode":{"drawMode":0,"name":"Shaded","section":"Shading Mode"},"sceneLighting":true,"audioPlay":false,"sceneViewState":{"m_AlwaysRefresh":false,"showFog":true,"showSkybox":true,"showFlares":false,"showImageEffects":true,"showParticleSystems":true,"showVisualEffectGraphs":true,"m_FxEnabled":true},"in2DMode":false,"pivot":{"x":1413.060302734375,"y":698.7413330078125,"z":3.9847426414489748},"rotation":{"x":-0.014896877110004425,"y":-0.116720050573349,"z":-0.0017510463949292899,"w":0.9930528402328491},"size":1398.897705078125,"orthographic":true}