{"cameraMode":{"drawMode":0,"name":"Shaded","section":"Shading Mode"},"sceneLighting":true,"audioPlay":false,"sceneViewState":{"m_AlwaysRefresh":false,"showFog":true,"showSkybox":true,"showFlares":false,"showImageEffects":true,"showParticleSystems":true,"showVisualEffectGraphs":true,"m_FxEnabled":true},"in2DMode":false,"pivot":{"x":189.20928955078126,"y":2.8507072925567629,"z":93.82825469970703},"rotation":{"x":-0.15402689576148988,"y":-0.6479479670524597,"z":0.13607433438301087,"w":-0.7334340810775757},"size":0.8660253882408142,"orthographic":false}