{"cameraMode":{"drawMode":0,"name":"Shaded","section":"Shading Mode"},"sceneLighting":false,"audioPlay":false,"sceneViewState":{"m_AlwaysRefresh":false,"showFog":true,"showSkybox":false,"showFlares":false,"showImageEffects":true,"showParticleSystems":true,"showVisualEffectGraphs":true,"m_FxEnabled":true},"in2DMode":false,"pivot":{"x":0.047742605209350589,"y":0.6172263622283936,"z":0.007725238800048828},"rotation":{"x":0.11768073588609696,"y":-0.18213605880737306,"z":0.021962160244584085,"w":0.9759612083435059},"size":1.1315704584121705,"orthographic":false}