{"cameraMode":{"drawMode":0,"name":"Shaded","section":"Shading Mode"},"sceneLighting":false,"audioPlay":false,"sceneViewState":{"m_AlwaysRefresh":false,"showFog":true,"showSkybox":false,"showFlares":false,"showImageEffects":true,"showParticleSystems":true,"showVisualEffectGraphs":true,"m_FxEnabled":true},"in2DMode":false,"pivot":{"x":425.19647216796877,"y":289.39813232421877,"z":-5.16925048828125},"rotation":{"x":0.014994566328823567,"y":-0.025494368746876718,"z":0.0003824444720521569,"w":0.9995622634887695},"size":0.8660253882408142,"orthographic":true}